Name,chapter,title,trigger,location,sequence_asset,characters,duration_s,skippable,sets_flags
CS_C0_Opening,0,What Happened,Starting a new game.,LOC_C0_Opening,/Game/EvilRise/Cinematics/C0/LS_C0_Opening,"(CHR_Leon,CHR_Penhallow,CHR_Begg,CHR_Kelso,CHR_Bert)",95,True,(FLG_C0_OpeningSeen)
CS_C0_CheckIn,0,Check-In,Talking to the night clerk.,LOC_C0_Lobby,/Game/EvilRise/Cinematics/C0/LS_C0_CheckIn,"(CHR_Leon,CHR_Ruth)",30,True,(FLG_C0_CheckedIn)
CS_C0_Morning,0,The Window,"Waking up, then opening the curtain.",LOC_C0_Room304,/Game/EvilRise/Cinematics/C0/LS_C0_Morning,(CHR_Leon),60,True,"(FLG_C0_Slept,FLG_C0_WindowSeen)"
CS_C0_Door,0,The Knock,Opening the door with the flask in hand.,LOC_C0_Room304,/Game/EvilRise/Cinematics/C0/LS_C0_Door,"(CHR_Leon,CHR_Ortiz)",75,True,(FLG_C0_Armed)
CS_C0_Stairwell,0,Too Many,Reaching the stairwell with Ortiz.,LOC_C0_Stairwell,/Game/EvilRise/Cinematics/C0/LS_C0_Stairwell,"(CHR_Leon,CHR_Ortiz)",20,True,(FLG_C0_Split)
CS_C0_Car,0,Bay Fourteen,Unlocking the bureau car in bay 14.,LOC_C0_Garage,/Game/EvilRise/Cinematics/C0/LS_C0_Car,"(CHR_Leon,CHR_Ortiz)",15,True,(FLG_C0_InCar)
CS_C0_FieldOffice,0,The Field Office,Driving through the field office gate.,LOC_C0_FieldOffice,/Game/EvilRise/Cinematics/C0/LS_C0_FieldOffice,"(CHR_Leon,CHR_Ortiz,CHR_Pruitt)",70,True,(FLG_C0_Complete)
CS_C1_Arrival,1,Arrival at the North Pier,Level start: BeginPlay on BP_C1_Director.,LOC_C1_Pier,/Game/EvilRise/Cinematics/C1/LS_C1_Arrival,"(CHR_Leon,CHR_Pilot)",55,True,(FLG_C1_Landed)
CS_C1_Tape0214,1,Tape 02:14,"Interact with BP_CCTVMonitor in the dock office, requires FLG_C1_ManifestsRead.",LOC_C1_DockOffice,/Game/EvilRise/Cinematics/C1/LS_C1_Tape0214,"(CHR_Leon,CHR_Begg,CHR_Kelso,CHR_Bert)",100,True,"(FLG_C1_TapeWatched,FLG_C1_CageCodeKnown,FLG_C1_MaraSlip)"
CS_C1_FirstReborn,1,The First Reborn,"Enter the break room with FLG_C1_FirstReborn unset, or stand within 3 m of an unfinished Husk corpse 6-8 s after its death.",LOC_C1_BreakRoom,/Game/EvilRise/Cinematics/C1/LS_C1_FirstReborn,"(CHR_Leon,ENM_Reborn)",22,False,"(FLG_C1_FirstReborn,FLG_C1_FinisherTaught)"
CS_C1_HookmanIntro,1,The Hookman,Enter BP_C1_YardTrigger in Stack 4 with FLG_C1_PowerRestored set.,LOC_C1_Yard,/Game/EvilRise/Cinematics/C1/LS_C1_HookmanIntro,"(CHR_Leon,CHR_Varga)",40,False,(FLG_C1_HookmanIntro)
CS_C1_BoatDeparture,1,Boat Departure,Interact with BP_TenderInteract at the boat dock with FLG_C1_ShutterOpen set.,LOC_C1_BoatDock,/Game/EvilRise/Cinematics/C1/LS_C1_BoatDeparture,"(CHR_Leon,CHR_Mara)",50,True,"(FLG_C1_BoatTaken,FLG_C1_Complete)"
CS_C2_FloodedStreet,2,Flooded Street,"Leon's boots break the surface of the street water on Quay Row (overlap volume at the water line, first time only)",LOC_C2_FloodedStreet,/Game/EvilRise/Cinematics/C2/LS_C2_FloodedStreet,"(CHR_Leon,CHR_Mara,ENM_Drowned)",52,True,"(FLG_C2_StreetIntro,FLG_C2_FirstDrowned)"
CS_C2_BrineMawSurfaces,2,Brine Maw Surfaces,"Leon steps onto the low dock in the harbor basin, with FLG_C2_SluiceWheelFound already true",LOC_C2_Harbor,/Game/EvilRise/Cinematics/C2/LS_C2_BrineMawSurfaces,"(CHR_Leon,CHR_Mara,BOSS_BrineMaw)",44,True,(FLG_C2_MawSurfaced)
CS_C2_LighthouseReveal,2,Lighthouse Reveal,The third mirror dial reaches 250 and PZL_C2_LensReveal resolves; fired from BP_Puzzle_LighthouseLens,LOC_C2_Lighthouse,/Game/EvilRise/Cinematics/C2/LS_C2_LighthouseReveal,"(CHR_Leon,CHR_Mara)",58,True,"(FLG_C2_LensSolved,FLG_C2_StairOpen,FLG_C2_AnnexKnown,FLG_C2_Complete)"
CS_C3_MaraMeetsLeon,3,Mara Meets Leon,Leon enters the crypt lift shaft volume with FLG_C3_PatientZeroSeen set,LOC_C3_CryptLift,/Game/EvilRise/Cinematics/C3/LS_C3_MaraMeetsLeon,"(CHR_Leon,CHR_Mara)",52,True,(FLG_C3_MaraJoined)
CS_C3_WardenIntro,3,The Warden,Player carries KEY_C3_AntidoteA and crosses the coolant plant floor on the way back from the cold vault,LOC_C3_CoolingChamber,/Game/EvilRise/Cinematics/C3/LS_C3_WardenIntro,"(CHR_Leon,CHR_Mara,BOSS_Warden)",44,True,(FLG_C3_WardenAwake)
CS_C3_UndertowRising,3,The Undertow Rising,Raft reaches the first rock pillar waypoint with FLG_C3_RaftLaunched set,LOC_C3_SeaCave,/Game/EvilRise/Cinematics/C3/LS_C3_UndertowRising,"(CHR_Leon,CHR_Mara,BOSS_Undertow)",48,True,(FLG_C3_UndertowSeen)
CS_C4_Pruitt,4,Cell 4,"Leon enters the volume in front of cell 4 in the holding cell block, with FLG_C4_BodyCamWatched set",LOC_C4_HoldingCells,/Game/EvilRise/Cinematics/C4/LS_C4_Pruitt,"(CHR_Leon,CHR_Pruitt)",110,True,"(FLG_C4_PruittFound,FLG_C4_VossLocationKnown,FLG_C4_WaterPlanKnown)"
CS_C4_HaleConfession,4,Hale's confession,Leon enters the correct code on the safe in the chief's office and FLG_C4_SafeOpen is set,LOC_C4_ChiefOffice,/Game/EvilRise/Cinematics/C4/LS_C4_HaleConfession,"(CHR_Leon,CHR_Hale)",130,True,"(FLG_C4_HaleConfessed,FLG_C4_HaleFled)"
CS_C4_HaleMutation,4,Hale's mutation,"Leon reaches the end of the sub-level walkway above the flooded long store, with FLG_C4_BasementReached set",LOC_C4_Basement,/Game/EvilRise/Cinematics/C4/LS_C4_HaleMutation,"(CHR_Leon,CHR_Hale)",65,True,(FLG_C4_HaleMutated)
CS_C4_SewerDoor,4,The sewer door,"Leon uses KEY_C4_SewerKey on the maintenance door beneath the sump room, with FLG_C4_HaleDead set",LOC_C4_SewerDoor,/Game/EvilRise/Cinematics/C4/LS_C4_SewerDoor,"(CHR_Leon,CHR_Mara)",75,True,"(FLG_C4_SewerOpen,FLG_C4_Chapter4Complete)"
CS_C5_LabArrival,5,Lab Arrival,"Leon enters the tower lobby from the service stair, after FLG_C5_DosingRigFound",LOC_C5_Lobby,/Game/EvilRise/Cinematics/C5/LS_C5_LabArrival,"(CHR_Leon,CHR_Mara)",58,True,(FLG_C5_LobbyReached)
CS_C5_VossReveal,5,Voss's Reveal,Leon steps out of the freight lift on floor 35 with FLG_C5_CompB and FLG_C5_CompC set,LOC_C5_Floor35_CrownLab,/Game/EvilRise/Cinematics/C5/LS_C5_VossReveal,"(CHR_Leon,CHR_Voss)",110,True,"(FLG_C5_CrownLabReached,FLG_C5_VossRevealed)"
CS_C5_FinalTransformation,5,Final Transformation,The synthesis cycle completes and Leon draws the dose (FLG_C5_AntidoteMade),LOC_C5_Floor35_CrownLab,/Game/EvilRise/Cinematics/C5/LS_C5_FinalTransformation,"(CHR_Leon,CHR_Voss)",75,False,(FLG_C5_VossPhase1Start)
CS_C5_Sunrise,5,Sunrise,The roof manifold is set correctly and the dosing pump starts (FLG_C5_AntidoteReleased),LOC_C5_Roof,/Game/EvilRise/Cinematics/C5/LS_C5_Sunrise,"(CHR_Leon,CHR_Mara)",90,False,"(FLG_C5_Sunrise,FLG_C5_AllClearGiven)"
CS_C5_MissingVial,5,The Missing Vial,Chained directly off CS_C5_Sunrise OnFinished,LOC_C5_Floor35_CrownLab,/Game/EvilRise/Cinematics/C5/LS_C5_MissingVial,(),40,False,"(FLG_C5_VialMissing,FLG_C5_ChapterComplete)"
