Name,display_name,role
CHR_Leon,Leon Cater,"Player. Federal agent, former tactical team member, mid-30s. Calm, dry, controlled."
CHR_Mara,Mara Quinn,"Harbor radio operator. Guides Leon by radio in Ch1 and Ch2, joins him on the raft at the end of Ch3, then runs the relay radio at the police station in Ch4 and Ch5."
CHR_Voss,Dr. Elias Voss,Vigor Biotech lead scientist. The final boss.
CHR_Hale,Chief Warren Hale,"Marrow Bay police chief, bought by Vigor. Boss in Ch4."
CHR_Calder,Dr. Ines Calder,Voss's assistant. Dead before the story begins. Speaks through her diary and through Voss's message.
CHR_Pruitt,Agent Dale Pruitt,"Leader of the lost contact team. Clues in Ch1, payoff in Ch4."
CHR_Owen,Owen Quinn,"Mara's brother, a Vigor technician. Dead in the Annex (Ch3)."
CHR_Bert,Bert Linnane,"Port watchman, the first to turn (Tape 02:14)."
CHR_Kelso,Dan Kelso,"Dockworker, bitten by Bert. Appears in Ch1 as a strong Husk."
CHR_Begg,Tom Begg,Night worker who opened the container. Appears on the tape.
CHR_Varga,Dmitri Varga,Night-shift operator of Crane 3. Becomes the Hookman.
CHR_Ortiz,Lena Ortiz,Pruitt's team. Ortiz is Leon's partner in the Prologue and is found dead in Ch1. Whitlock is found dead in Ch4.
CHR_Whitlock,Sam Whitlock,Pruitt's team. Ortiz is Leon's partner in the Prologue and is found dead in Ch1. Whitlock is found dead in Ch4.
CHR_Ruth,Ruth,Night clerk at the Gullwing Hotel (Prologue). Her desk log is an optional read.
CHR_Penhallow,Ezra Penhallow,"Subject 7, Patient Zero (Ch3 footage)."
CHR_Pilot,Hank Doyle,Boat pilot who drops Leon off in Ch1.
CHR_Ruiz,Officer Ana Ruiz,Dead officer whose body camera Leon finds in Ch4.
