Name,chapter,order,title,description,location,requires_items,requires_flags,complete_when,grants,sets_flags,next,optional,hint
OBJ_C0_01,0,1,Check in,"A late flight, a cheap hotel, a briefing at nine.",LOC_C0_Lobby,(),(FLG_C0_OpeningSeen),FLG_C0_CheckedIn,(),(FLG_C0_CheckedIn),(OBJ_C0_02),False,The night clerk is at the desk.
OBJ_C0_02,0,2,Go up to room 304,The elevator is out. The stairs are past the bar.,LOC_C0_Corridor,(),(FLG_C0_CheckedIn),FLG_C0_InRoom,(),(FLG_C0_InRoom),(OBJ_C0_03),False,"Past the bar, up the stairs to the third floor."
OBJ_C0_03,0,3,Get some sleep,Nine o'clock comes early.,LOC_C0_Room304,(),(FLG_C0_InRoom),FLG_C0_Slept,(),(FLG_C0_Slept),(OBJ_C0_04),False,The bed is by the window.
OBJ_C0_04,0,4,Answer the door,"Someone is knocking. Whatever is outside, Leon is not opening it empty-handed.",LOC_C0_Room304,(),(FLG_C0_WindowSeen),FLG_C0_Armed,(),(FLG_C0_Armed),(OBJ_C0_05),False,There is a steel flask on the table.
OBJ_C0_05,0,5,Follow Ortiz,Out of the room and down to the garage.,LOC_C0_Corridor,(),(FLG_C0_Armed),FLG_C0_Split,"(WPN_Knife,WPN_Pistol,AMMO_Pistol,KEY_C0_CarKey)",(FLG_C0_Split),(OBJ_C0_06),False,She is heading for the stairwell.
OBJ_C0_06,0,6,Get to the garage unseen,"Down the stairs, through the lobby, into the garage. If they see you, break their line of sight and let them forget.",LOC_C0_Lobby,(),(FLG_C0_Split),FLG_C0_GarageReached,(),(FLG_C0_GarageReached),(OBJ_C0_07),False,The garage door is behind the front desk.
OBJ_C0_07,0,7,Find bay 14,The bureau car is somewhere on level P2. The key fob chirps when you are close.,LOC_C0_Garage,(KEY_C0_CarKey),(FLG_C0_GarageReached),FLG_C0_InCar,(),(FLG_C0_InCar),(OBJ_C0_08),False,Bays 12 to 16 are the reserved row on the far wall.
OBJ_C0_08,0,8,Drive to the field office,"Kestrel Street. The roads are blocked with wrecks, and the strong ones run at the car.",LOC_C0_Streets,(),(FLG_C0_InCar),FLG_C0_Complete,(),(FLG_C0_Complete),(),False,"Keep your speed up. Go round the wrecks, not through them."
OBJ_C0_09,0,9,Read the night desk log,Ruth kept a log all night.,LOC_C0_Lobby,(),(FLG_C0_Split),FLG_C0_NightLogRead,(),(FLG_C0_NightLogRead),(),True,It is on the front desk.
OBJ_C1_01,1,1,Get off the pier,"The boat is gone, so the only way out of Port Halvern is through it.",LOC_C1_Pier,(),(FLG_C1_Landed),FLG_C1_PierHeadReached,"(WPN_Knife,WPN_Pistol,AMMO_Pistol)",(FLG_C1_PierHeadReached),(OBJ_C1_02),False,Walk inland. The gantry lights are the only thing still working.
OBJ_C1_02,1,2,Answer the radio,Somebody is calling the port band and nobody else is left to pick it up.,LOC_C1_Pier,(),(FLG_C1_PierHeadReached),FLG_C1_MaraContact,(),(FLG_C1_MaraContact),(OBJ_C1_03),False,Key the handset on your vest. She can see your flashlight from across the river.
OBJ_C1_03,1,3,Follow the blood trail,Search the pier head for the contact team and follow the drag marks inland.,LOC_C1_Pier,(),(FLG_C1_MaraContact),FLG_C1_PruittRadioFound,(),(FLG_C1_PruittRadioFound),(OBJ_C1_04),False,"The crushed handset is under the gantry leg, next to what's left of whoever was carrying it."
OBJ_C1_04,1,4,Shelter in the dock office,"The blood trail ends at the dock office, and its lights are still on.",LOC_C1_DockOffice,(),(FLG_C1_PruittRadioFound),FLG_C1_SafeRoomFound,"(ITM_Bandage,ITM_Battery)","(FLG_C1_SafeRoomFound,FLG_C1_SaveUnlocked)",(OBJ_C1_05),False,Key the relay radio in there and I'll log you in. That's how you keep your place.
OBJ_C1_05,1,5,Read the cargo manifests,Find out what was shipped into Yard C and who shipped it.,LOC_C1_DockOffice,(),(FLG_C1_SafeRoomFound),FLG_C1_ManifestsRead,(),"(FLG_C1_ManifestsRead,FLG_C1_VigorLinked)",(OBJ_C1_06),False,The clerk's desk. Minus four degrees is a strange temperature for medical supplies.
OBJ_C1_06,1,6,Play the security log,Scrub the overnight camera log on the dock office monitor and find out what happened in Yard C.,LOC_C1_DockOffice,(),(FLG_C1_ManifestsRead),FLG_C1_TapeWatched,(),"(FLG_C1_TapeWatched,FLG_C1_CageCodeKnown,FLG_C1_MaraSlip)",(OBJ_C1_07),False,The deck under the monitor still has the tape in it. Use the jog dial and go back to the small hours.
OBJ_C1_07,1,7,Cross Warehouse 3,Reach the yard side of the port through Warehouse 3 without being swarmed.,LOC_C1_Warehouse,(),(FLG_C1_TapeWatched),FLG_C1_WarehouseCrossed,"(ITM_Scrap,ITM_NoiseLure,AMMO_Pistol)","(FLG_C1_WarehouseCrossed,FLG_C1_StealthTaught)","(OBJ_C1_08,OBJ_C1_09)",False,"They only come for what they see. Keep the pallets between you and them. If one spots you, break its line of sight and wait for it to forget."
OBJ_C1_08,1,8,Find the contact team,Search the side rooms off the warehouse floor for Pruitt's people.,LOC_C1_Warehouse,(),(FLG_C1_WarehouseCrossed),FLG_C1_OrtizFound,"(ITM_FirstAidSpray,AMMO_Pistol)",(FLG_C1_OrtizFound),(OBJ_C1_09),True,There's a door off the main floor somebody barricaded from the inside. Fourteen casings in one corner.
OBJ_C1_09,1,9,Find the crane fuse,The gantry supply panel is missing its cartridge fuse. The spare is kept in the break room.,LOC_C1_BreakRoom,(),(FLG_C1_WarehouseCrossed),KEY_C1_Fuse,"(KEY_C1_Fuse,ITM_Gunpowder)","(FLG_C1_FuseFound,FLG_C1_CraneOrderKnown)","(OBJ_C1_10,OBJ_C1_11)",False,"Electrical cabinet in the break room. Read the rota board while you're in there, you'll want it."
OBJ_C1_10,1,10,Open the customs cage,Pruitt locked his team's gear case in the customs cage and set the keypad to something only someone who watched the tape would know.,LOC_C1_CustomsCage,(),(FLG_C1_CageCodeKnown),FLG_C1_CageOpen,"(WPN_Shotgun,AMMO_Shells,ITM_Suppressant)","(FLG_C1_CageOpen,FLG_C1_PruittFateHinted)",(OBJ_C1_11),True,"Four digits, and he scratched the sentence into the frame instead of the number. When it opened."
OBJ_C1_11,1,11,Restore power to Yard C,"Seat the fuse in the control house, then bring the three gantries up in the supervisor's shift order.",LOC_C1_ControlHouse,(KEY_C1_Fuse),(FLG_C1_FuseFound),FLG_C1_PowerRestored,(AMMO_Pistol),"(FLG_C1_PowerRestored,FLG_C1_YardGateOpen)",(OBJ_C1_12),False,"Whoever's on shift comes up first, then round the clock. It's night, so start with Crane 3."
OBJ_C1_12,1,12,Enter the container yard,The yard gate is open. Find container VGR-7718 in Stack 4.,LOC_C1_Yard,(),(FLG_C1_YardGateOpen),FLG_C1_HookmanIntro,"(ITM_HerbRed,AMMO_Shells)",(FLG_C1_HookmanIntro),(OBJ_C1_13),False,"Ground tier, Stack 4. The one with the torn-out gate in front of it."
OBJ_C1_13,1,13,Kill the Hookman,The night crane operator is between you and the only door out of this port.,LOC_C1_Yard,(),(FLG_C1_HookmanIntro),FLG_C1_HookmanDead,"(KEY_C1_ShutterKey,AMMO_Shells,ITM_HerbGreen)",(FLG_C1_HookmanDead),"(OBJ_C1_14,OBJ_C1_15)",False,"When the hook bites steel instead of you, he's stuck for a couple of seconds. Shoot the growth on his back."
OBJ_C1_14,1,14,Search container VGR-7718,Look inside the thing that was opened at 02:14.,LOC_C1_Yard,(),(FLG_C1_HookmanDead),FLG_C1_AnnexHinted,(ITM_Suppressant),(FLG_C1_AnnexHinted),(OBJ_C1_15),True,Eleven cases in the racks and one of them is open. Read the clipboard on the wall.
OBJ_C1_15,1,15,Open the cargo shutter,Use the key off the Hookman's chain on the sealed cargo shutter at the south end of the yard.,LOC_C1_Yard,(KEY_C1_ShutterKey),(FLG_C1_HookmanDead),FLG_C1_ShutterOpen,(),(FLG_C1_ShutterOpen),(OBJ_C1_16),False,He had the key the whole time and locked himself in with them instead.
OBJ_C1_16,1,16,Take the boat to Saltmere,Cross the river mouth to the harbour radio station on Saltmere Point.,LOC_C1_BoatDock,(),(FLG_C1_ShutterOpen),FLG_C1_BoatTaken,"(AMMO_Pistol,ITM_HerbGreen)","(FLG_C1_BoatTaken,FLG_C1_Complete)",(),False,"The tender's inside the shutter. Watch the water on the way down, the dock floods at high tide."
OBJ_C2_01,2,1,Get off the landing,Moor the skiff on the Quay Row slipway and get up into the town.,LOC_C2_Landing,(),(),FLG_C2_Landed,(),"(FLG_C2_Landed,FLG_C2_MaraLocated)",(OBJ_C2_02),False,"Up the slipway, past the crab pots. Chapel Lane is the one going uphill."
OBJ_C2_02,2,2,Cross to the fish market,Work along the kerbstones and doorways of the flooded street to the market hall at the top of the road.,LOC_C2_FloodedStreet,(),(FLG_C2_Landed),FLG_C2_MarketReached,(),"(FLG_C2_StreetIntro,FLG_C2_FirstDrowned,FLG_C2_MarketReached)","(OBJ_C2_03,OBJ_C2_04)",False,Stay on the stone. They can't reach you out of the deep part if you don't give them a reason.
OBJ_C2_03,2,3,Search the market and the cold store,"Find Calder's first hidden page in the hall, then lever the bay 3 roller door and take the lighthouse crank off the nail.",LOC_C2_FishMarket,(),(FLG_C2_MarketReached),KEY_C2_LensCrank,"(KEY_C2_LensCrank,ITM_Gunpowder)","(FLG_C2_LensCrankFound,FLG_C2_DiaryPage1,FLG_C2_DiaryHuntStarted,FLG_C2_VigorOnIsland)",(OBJ_C2_05),False,"Under the auctioneer's desk, and whatever bay 3 is, it isn't fish. Vigor paid for it in advance."
OBJ_C2_04,2,4,Try for the radio station,Take the Saltmere Point jetty toward Mara's window and find out why she says not to.,LOC_C2_FloodedStreet,(),(FLG_C2_MaraLocated),FLG_C2_RadioStationBlocked,(ITM_Scrap),(FLG_C2_RadioStationBlocked),(OBJ_C2_05),True,You can look at my light from the jetty. That's the whole of what you can do about it tonight.
OBJ_C2_05,2,5,Find Calder's house,"Move house to house along Chapel Lane, hiding from the Drowned, until you reach the doctor's front door.",LOC_C2_CalderHouse,(),(FLG_C2_DiaryHuntStarted),FLG_C2_PhotoFound,"(ITM_NoiseLure,ITM_HerbRed)","(FLG_C2_PhotoFound,FLG_C2_VossMotiveKnown)",(OBJ_C2_06),False,"Chapel Lane, the one house with medical journals on the shelf instead of nets."
OBJ_C2_06,2,6,Search the cellar,"Go down into the flooded cellar for the rest of Calder's packet: two pages, her dictaphone and the hymn sheet.",LOC_C2_CalderCellar,(),(FLG_C2_PhotoFound),KEY_C2_HymnSheet,(KEY_C2_HymnSheet),"(FLG_C2_HymnFound,FLG_C2_DiaryPage2,FLG_C2_DiaryPage3,FLG_C2_AnnexKnown,FLG_C2_SluicePlotKnown)",(OBJ_C2_07),False,Behind the preserve jars. She wrapped it in oilcloth because she knew it would be a wet year.
OBJ_C2_07,2,7,Reach the chapel,Get to the chapel at the top of Chapel Lane and check in with Mara from the vestry relay radio.,LOC_C2_Church,(),(FLG_C2_HymnFound),FLG_C2_VestrySafeRoom,"(ITM_FirstAidSpray,AMMO_Pistol)","(FLG_C2_VestrySafeRoom,FLG_C2_DiaryPage4,FLG_C2_DiaryPage5,FLG_C2_BiteRuleKnown,FLG_C2_CryptLiftSeen)",(OBJ_C2_08),False,"Vestry's behind the chancel. Relay radio, supply locker, and thick enough walls to hear yourself think."
OBJ_C2_08,2,8,Play the hymn on the organ,Work the pedal line of hymn 42 on the chapel organ to draw back the pipe shutter Calder hid the bell tower key behind.,LOC_C2_Church,(KEY_C2_HymnSheet),(FLG_C2_VestrySafeRoom),KEY_C2_BellKey,(KEY_C2_BellKey),(FLG_C2_OrganSolved),(OBJ_C2_09),False,"Pedals only, the manuals are swollen shut. Six of them, in the order the sheet writes them."
OBJ_C2_09,2,9,Open the bell tower and take the wheel,"Unlock the tower door, climb to the ringing chamber and cut the sluice gate wheel off the frame.",LOC_C2_BellTower,(KEY_C2_BellKey),(FLG_C2_OrganSolved),KEY_C2_SluiceWheel,"(KEY_C2_SluiceWheel,ITM_Battery)","(FLG_C2_BellTowerOpen,FLG_C2_SluiceWheelFound)",(OBJ_C2_10),False,It's chained up with the ringing gear. Somebody didn't want that gate closed in a hurry.
OBJ_C2_10,2,10,Search the harbor master's hut,Take the flare gun from the forced locker and read the chart table and the log before going near the basin.,LOC_C2_HarborMasterHut,(),(FLG_C2_SluiceWheelFound),WPN_FlareGun,"(WPN_FlareGun,AMMO_Flare)","(FLG_C2_FlareGunFound,FLG_C2_BearingsKnown,FLG_C2_MawWeaknessKnown)",(OBJ_C2_11),False,Somebody already forced that locker and wrote on the card why. Read it before you go out on the dock.
OBJ_C2_11,2,11,Close the sluice gate,Ship the wheel on the west wall capstan and get three full turns in between the Brine Maw's passes to drain the basin.,LOC_C2_Harbor,(KEY_C2_SluiceWheel),(FLG_C2_MawSurfaced),FLG_C2_SluiceClosed,(),(FLG_C2_SluiceClosed),(OBJ_C2_12),False,One turn per pass is all it gives you. Break off and move the moment the wake turns.
OBJ_C2_12,2,12,Kill the Brine Maw,"With the basin down to mud, put flare rounds into the sac behind its jaw while it is beached and cannot turn.",LOC_C2_Harbor,"(WPN_FlareGun,AMMO_Flare)",(FLG_C2_SluiceClosed),FLG_C2_MawDead,"(ITM_Suppressant,AMMO_Flare)","(FLG_C2_MawDead,FLG_C2_CausewayOpen)","(OBJ_C2_13,OBJ_C2_14)",False,"It doesn't like burning. Behind the jaw hinge, when the sac lights up."
OBJ_C2_13,2,13,Collect all five of Calder's pages,"Put the whole diary together: two from the chapel, one from the market, two from her cellar.",LOC_C2_Church,(),"(FLG_C2_DiaryPage1,FLG_C2_DiaryPage2,FLG_C2_DiaryPage3,FLG_C2_DiaryPage4,FLG_C2_DiaryPage5)",FLG_C2_CalderDiaryComplete,(ITM_Suppressant),"(FLG_C2_CalderDiaryComplete,FLG_C2_RevealLanded)",(OBJ_C2_14),True,"Where she prayed, where she worked and where she slept. Her words, and she wasn't being clever."
OBJ_C2_14,2,14,Cross to the lighthouse,Walk the drained causeway out along the mole to the lighthouse door.,LOC_C2_Lighthouse,(),(FLG_C2_CausewayOpen),FLG_C2_LampRoomReached,(ITM_Gunpowder),"(FLG_C2_LampRoomReached,FLG_C2_VigorCratesSeen)",(OBJ_C2_15),False,"The water's gone, so the causeway's a road again. Check the service camera on the rail on your way out."
OBJ_C2_15,2,15,Align the three mirrors,"Fit the crank and set the lower, middle and upper mirrors on the keeper's three bearings so the beam gathers on the chart mark.",LOC_C2_Lighthouse,(KEY_C2_LensCrank),"(FLG_C2_LampRoomReached,FLG_C2_BearingsKnown)",FLG_C2_LensSolved,(),"(FLG_C2_LensSolved,FLG_C2_StairOpen)",(OBJ_C2_16),False,"There's no keyhole on that door, so the lock is the light. Lower, middle, upper, in that order."
OBJ_C2_16,2,16,Go down the hidden stair,Open the service door behind the keeper's chart and take the stair down under the island.,LOC_C2_HiddenStair,(),(FLG_C2_StairOpen),FLG_C2_Complete,"(ITM_Battery,ITM_HerbGreen)","(FLG_C2_Complete,FLG_C2_AnnexKnown)",(OBJ_C3_01),False,"Air's coming up at you. That means there's a room down there, and rooms have doors."
OBJ_C3_01,3,1,Follow the tunnel under the island,Wade the service tunnel from the lighthouse stair to the sealed bulkhead at its end.,LOC_C3_Tunnel,(),(FLG_C2_Complete),FLG_C3_AnnexEntered,"(ITM_HerbGreen,AMMO_Pistol)",(FLG_C3_AnnexEntered),(OBJ_C3_02),False,There's a door at the end with a company serial stamped on it. That's your way in.
OBJ_C3_02,3,2,Search annex reception,"Check in on the relay radio, stock up at the supply locker and read what the closure left behind.",LOC_C3_Reception,(),(FLG_C3_AnnexEntered),FLG_C3_OwenSigned,"(ITM_Suppressant,ITM_Battery,ITM_Bandage)",(FLG_C3_OwenSigned),(OBJ_C3_03),False,Sign-in sheet on the desk. The last name on it hasn't signed out.
OBJ_C3_03,3,3,Get through the patient ward,Cross the ward corridor to the observation room door.,LOC_C3_Ward,(),(FLG_C3_OwenSigned),FLG_C3_ObservationOpen,"(ITM_HerbGreen,ITM_Gunpowder)",(FLG_C3_ObservationOpen),(OBJ_C3_04),False,They barricaded those doors from the inside. Whatever they were keeping out is in the corridor with you.
OBJ_C3_04,3,4,Play the trial footage,Run all three reels on the observation room projector and learn how V-7 began.,LOC_C3_Ward,(),(FLG_C3_ObservationOpen),FLG_C3_PatientZeroSeen,(ITM_Scrap),(FLG_C3_PatientZeroSeen),(OBJ_C3_05),False,"Two reels first, then the third one will load. Watch it to the end, the end is the part that matters."
OBJ_C3_05,3,5,Find out what is using the lift,Something is bringing the crypt lift down. Get to the shaft.,LOC_C3_CryptLift,(),(FLG_C3_PatientZeroSeen),FLG_C3_MaraJoined,(),(FLG_C3_MaraJoined),(OBJ_C3_06),False,Counterweight's moving. That cage is coming down on purpose.
OBJ_C3_06,3,6,Search the flooded stairwell,Take the Level B2 keycard from the technician's body on the half-landing.,LOC_C3_Ward,(),(FLG_C3_MaraJoined),KEY_C3_KeycardB2,(KEY_C3_KeycardB2),"(FLG_C3_OwenFound,FLG_C3_OwenTruth)",(OBJ_C3_07),False,"His torch is still on. Take the card, and give her a second."
OBJ_C3_07,3,7,Open the B2 bulkhead,The keycard is good but the reader is dead. Get the bulkhead open.,LOC_C3_Labs,(KEY_C3_KeycardB2),(FLG_C3_OwenTruth),FLG_C3_B2Open,(AMMO_Pistol),(FLG_C3_B2Open),(OBJ_C3_08),False,Somebody on maintenance wrote a whole page of complaints about this exact reader.
OBJ_C3_08,3,8,Read the V-7 trial log,Search the B1 labs for Calder's thermal trial sheets and learn the strain's weakness.,LOC_C3_Labs,(),(FLG_C3_B2Open),FLG_C3_ColdShockKnown,"(ITM_HerbRed,ITM_Gunpowder,ITM_Suppressant)",(FLG_C3_ColdShockKnown),(OBJ_C3_09),False,"Sheet seven. Write the four stages down, we are going to need them long after tonight."
OBJ_C3_09,3,9,Work out the security office code,Read the lab whiteboard and the note taped to its frame to get the four-digit keypad code.,LOC_C3_Whiteboard,(),(FLG_C3_ColdShockKnown),FLG_C3_OfficeCodeKnown,"(ITM_Scrap,AMMO_Pistol)","(FLG_C3_OfficeCodeKnown,FLG_C3_LadderPosted)",(OBJ_C3_10),False,"The chief wrote the hint himself, and he was proud of it. Read the top line of the board."
OBJ_C3_10,3,10,Get the annex master key,Enter the security office with code 0703 and take the master key off the chief's board.,LOC_C3_SecurityWing,(),(FLG_C3_OfficeCodeKnown),KEY_C3_MasterKey,"(KEY_C3_MasterKey,ITM_FirstAidSpray)","(FLG_C3_HaleSignature,FLG_C3_WardenForeshadowed,FLG_C3_FirstBrute)","(OBJ_C3_11,OBJ_C3_12)",False,"Zero seven, zero three. And read the clearance sheet on his desk before you leave."
OBJ_C3_11,3,11,Open the annex armory,Use the master key on the armory door and take what the chief left behind.,LOC_C3_Armory,(KEY_C3_MasterKey),(),WPN_Rifle,"(WPN_Rifle,AMMO_Rifle,ITM_Scrap)",(FLG_C3_ArmoryOpen),(OBJ_C3_12),True,"There's a rifle behind that door, and the next hour is going to ask for one."
OBJ_C3_12,3,12,Reach the coolant plant,Cross the flooded lower level to the valve gallery. The pumps have been off for months.,LOC_C3_LowerLevels,(KEY_C3_MasterKey),(FLG_C3_FirstBrute),FLG_C3_PlantReached,"(ITM_HerbGreen,AMMO_Rifle,ITM_Battery)",(FLG_C3_PlantReached),(OBJ_C3_13),False,Stay out of open water. There's a crawl under the pipe run if you keep low.
OBJ_C3_13,3,13,Run the cooling chamber through the cold-shock ladder,"Work the three valves in order so the chamber floods, chills and purges, and the cold vault interlock releases.",LOC_C3_CoolingChamber,(),"(FLG_C3_PlantReached,FLG_C3_ColdShockKnown)",FLG_C3_ColdVaultOpen,(ITM_Gunpowder),"(FLG_C3_ChamberFlooded,FLG_C3_ColdVaultOpen)",(OBJ_C3_14),False,"Plus four, minus twelve, plus four, purge. Serve every hold and purge last."
OBJ_C3_14,3,14,Recover Antidote Component A,Take component A off the carousel in the cold vault.,LOC_C3_ColdVault,(),(FLG_C3_ColdVaultOpen),KEY_C3_AntidoteA,"(KEY_C3_AntidoteA,ITM_Suppressant)",(FLG_C3_AntidoteAFound),(OBJ_C3_15),False,"Carousel two, position one. It dies if it warms up, so don't sit down with it."
OBJ_C3_15,3,15,Survive the Warden,The plant doors have shut. Use the gas valves and blast doors to strip his back plate and burst the fuel line.,LOC_C3_CoolingChamber,(KEY_C3_AntidoteA),(FLG_C3_WardenAwake),FLG_C3_WardenDead,"(AMMO_Rifle,ITM_FirstAidSpray)",(FLG_C3_WardenDead),(OBJ_C3_16),False,"Gas, door, spark, then shoot the line on his back while it's bare."
OBJ_C3_16,3,16,Launch the raft,"Take the collapsed tunnel into the sea cave, lower the maintenance raft and push off.",LOC_C3_SeaCave,(KEY_C3_AntidoteA),(FLG_C3_WardenDead),FLG_C3_RaftLaunched,"(AMMO_Flare,ITM_Bandage)",(FLG_C3_RaftLaunched),(OBJ_C3_17),False,I'll row. You take the bow and keep both hands for the gun.
OBJ_C3_17,3,17,Kill the Undertow,Call Mara left and right through the rock pillars and shoot the eye every time it opens.,LOC_C3_SeaCave,(),(FLG_C3_UndertowSeen),FLG_C3_UndertowDead,(),(FLG_C3_UndertowDead),(OBJ_C3_18),False,"It opens the eye before it swings. Shout the turn early, I need the stroke before the wave."
OBJ_C3_18,3,18,Reach the mainland shore,Row out of the cave and land on the Marrow Bay shingle.,LOC_C3_SeaCave,"(KEY_C3_AntidoteA,KEY_C3_MasterKey)",(FLG_C3_UndertowDead),FLG_C3_Chapter3Complete,(),(FLG_C3_Chapter3Complete),(OBJ_C4_01),False,Those are the city lights. Fewer than there should be.
OBJ_C4_01,4,1,Get off the shore,Pull the raft above the tide line and climb the harbour wall into the city with Mara.,LOC_C4_Shore,(),(FLG_C3_Chapter3Complete),FLG_C4_ShoreCleared,"(ITM_HerbGreen,AMMO_Pistol)",(FLG_C4_ShoreCleared),(OBJ_C4_02),False,Two of them in the surf line. Shallow water slows you more than it slows them.
OBJ_C4_02,4,2,Work up Harbour Avenue,"Move north through the stalled evacuation convoy toward the plaza, avoiding the Brute on patrol.",LOC_C4_HarborAve,(),(FLG_C4_ShoreCleared),FLG_C4_AvenuePassed,"(ITM_Bandage,ITM_Gunpowder)",(FLG_C4_AvenuePassed),"(OBJ_C4_03,OBJ_C4_17)",False,"The one in the stab vest was fit this morning. Go around it, not through it."
OBJ_C4_03,4,3,Recover the body camera,Wade into the flooded underpass and take the body camera off Officer Ruiz's mount.,LOC_C4_HarborAve,(),(FLG_C4_AvenuePassed),KEY_C4_BodyCam,"(KEY_C4_BodyCam,AMMO_Pistol)",(FLG_C4_BodyCamTaken),(OBJ_C4_04),False,"She was shot, not bitten. Whatever she filmed, somebody wanted it to stop."
OBJ_C4_04,4,4,Cross the plaza,Get past the abandoned checkpoint and its two Brutes using noise lures and cover.,LOC_C4_Plaza,(),(FLG_C4_BodyCamTaken),FLG_C4_PlazaPassed,"(ITM_NoiseLure,ITM_Scrap)",(FLG_C4_PlazaPassed),(OBJ_C4_05),False,"Give them somewhere else to be. Throw long, stay low, move while they are turning."
OBJ_C4_05,4,5,Get inside the station,Reach the police station lobby and set Mara up on the watch desk radio.,LOC_C4_StationLobby,(),(FLG_C4_PlazaPassed),FLG_C4_MaraInLobby,"(ITM_FirstAidSpray,AMMO_Pistol)","(FLG_C4_StationReached,FLG_C4_MaraInLobby)",(OBJ_C4_06),False,"Steel door, one way in, and a radio desk with a roof repeater. This is where she stays."
OBJ_C4_06,4,6,Play the body camera,Dock Ruiz's camera on the watch desk charger and watch both clips.,LOC_C4_StationLobby,(KEY_C4_BodyCam),(FLG_C4_MaraInLobby),FLG_C4_BodyCamWatched,(),"(FLG_C4_BodyCamWatched,FLG_C4_PruittTakenKnown)",(OBJ_C4_07),False,"Two clips on it. The second one is the useful one, she filmed herself hiding a key."
OBJ_C4_07,4,7,Find the evidence room key,Work out which records drawer in the archive Ruiz dropped the evidence room key into.,LOC_C4_Archive,(),(FLG_C4_BodyCamWatched),KEY_C4_EvidenceKey,(KEY_C4_EvidenceKey),(FLG_C4_EvidenceKeyFound),(OBJ_C4_08),False,"One drawer per officer, filed by surname. She said it herself: my drawer, my mess."
OBJ_C4_08,4,8,Search the evidence room,"Unlock the evidence room, take the sleeve of booking print cards, and find out how locker 17 opens.",LOC_C4_EvidenceRoom,(KEY_C4_EvidenceKey),(FLG_C4_EvidenceKeyFound),KEY_C4_PrintCard,"(KEY_C4_PrintCard,ITM_Gunpowder)",(FLG_C4_PrintCardFound),(OBJ_C4_09),False,Locker 17 is court sealed. The intake sheet says the bolt only lets go from the CID desk.
OBJ_C4_09,4,9,Release the sealed locker,Use the right booking print card on the PrintLock pad at Det. Sgt. Ferris's desk to drop the bolt on locker 17.,LOC_C4_DetectiveOffice,(KEY_C4_PrintCard),(FLG_C4_PrintCardFound),FLG_C4_LockerReleased,(ITM_HerbRed),(FLG_C4_LockerReleased),(OBJ_C4_10),False,"The pad tells you what it will accept. Three cards, one of them matches on pattern and ridge count."
OBJ_C4_10,4,10,Take the payments ledger,Go back down to the evidence room and open locker 17.,LOC_C4_EvidenceRoom,(),(FLG_C4_LockerReleased),KEY_C4_Ledger,(KEY_C4_Ledger),(FLG_C4_LedgerRead),(OBJ_C4_11),False,"Six transfers in the book. Ferris only cared about four of them, and so should you."
OBJ_C4_11,4,11,Find Pruitt,Go down to the holding cells and find the two men Hale had booked with no record.,LOC_C4_HoldingCells,(),"(FLG_C4_BodyCamWatched,FLG_C4_LedgerRead)",FLG_C4_PruittFound,"(ITM_Suppressant,AMMO_Shells)","(FLG_C4_PruittFound,FLG_C4_VossLocationKnown,FLG_C4_WaterPlanKnown)","(OBJ_C4_12,OBJ_C4_16)",False,The custody log has two men in with no names and no charges. Vans from the port come here.
OBJ_C4_12,4,12,Open Hale's safe,Derive the four digit code from the ledger's cleared payments and open the safe in the chief's office.,LOC_C4_ChiefOffice,(KEY_C4_Ledger),(FLG_C4_PruittFound),FLG_C4_SafeOpen,"(KEY_C4_SewerKey,WPN_Revolver,AMMO_Revolver)","(FLG_C4_SafeOpen,FLG_C4_HaleConfessed,FLG_C4_HaleFled)",(OBJ_C4_13),False,His diary says it is in the book if you already know what you are looking at. Not the dates.
OBJ_C4_13,4,13,Follow Hale down,Get through the locker corridor and down the back stair to the flooded sub-level without being caught.,LOC_C4_Basement,(),(FLG_C4_HaleFled),FLG_C4_BasementReached,"(ITM_Battery,ITM_Scrap)",(FLG_C4_BasementReached),(OBJ_C4_14),False,Two Brutes in a corridor of lockers is not a fight you win with what you are carrying.
OBJ_C4_14,4,14,Put Hale down,"Kill the mutated Chief Hale in the flooded long store, using the floor conduit against him.",LOC_C4_Basement,(),(FLG_C4_HaleMutated),FLG_C4_HaleDead,"(ITM_FirstAidSpray,AMMO_Revolver)",(FLG_C4_HaleDead),(OBJ_C4_15),False,"Both panels together, and only while you are on the walkway. The cavity opens when his limbs pull back."
OBJ_C4_15,4,15,Open the sewer door,Use the brass key from the safe on the maintenance door beneath the sump room and take the interceptor north.,LOC_C4_SewerDoor,(KEY_C4_SewerKey),(FLG_C4_HaleDead),FLG_C4_SewerOpen,(),"(FLG_C4_SewerOpen,FLG_C4_Chapter4Complete)",(),False,"The works map says this pipe ties straight into their service level. Their pumps, their doors."
OBJ_C4_16,4,16,Account for Whitlock,Open cell 2 and recover Sam Whitlock's tags and his scratched message for the record.,LOC_C4_HoldingCells,(),(FLG_C4_PruittFound),FLG_C4_WhitlockFound,(ITM_FirstAidSpray),(FLG_C4_WhitlockFound),(),True,Cell 2's hatch is already open. Somebody looked in and walked away.
OBJ_C4_17,4,17,Search the crashed ambulance,Force the rear doors of the ambulance on Harbour Avenue for medical supplies and Ruiz's unsent letter.,LOC_C4_HarborAve,(),(FLG_C4_AvenuePassed),FLG_C4_AmbulanceLooted,"(ITM_Suppressant,ITM_Bandage)",(FLG_C4_AmbulanceLooted),(),True,"The doors are sprung, not locked. Prise them and it will be loud, so clear the street first."
OBJ_C5_01,5,1,Reach the Vigor intake,Follow the storm sewer under Harbor Avenue to the grey intake hatch off the fourth culvert.,LOC_C5_Sewers,(),(FLG_C4_SewerOpen),FLG_C5_SewerBreached,(),(FLG_C5_SewerBreached),(OBJ_C5_02),False,"Fourth culvert, grey hatch. Don't stand still in the water."
OBJ_C5_02,5,2,Find out what the pumps are for,Cross the intake hall on the service level and read the dosing skid work order.,LOC_C5_ServiceLevel,(),(FLG_C5_SewerBreached),FLG_C5_DosingRigFound,(),(FLG_C5_DosingRigFound),(OBJ_C5_03),False,"Six skids and a locked timer. Whatever he's running, the paperwork is on the rail by skid three."
OBJ_C5_03,5,3,Get into the tower,Take the service stair up to the lobby and reach the relay radio in the reception back office.,LOC_C5_Lobby,(),(FLG_C5_DosingRigFound),FLG_C5_LobbyReached,(),(FLG_C5_LobbyReached),"(OBJ_C5_04,OBJ_C5_05)",False,Two of their security are standing at the shutters. Go low and go around.
OBJ_C5_04,5,4,Read the staff board,Look at the research division photo behind reception and tell Mara what is in it.,LOC_C5_Lobby,(),(FLG_C5_LobbyReached),FLG_C5_OwenPhotoSeen,(),(FLG_C5_OwenPhotoSeen),(OBJ_C5_05),True,"Back row, third from the right. She'll want to hear it."
OBJ_C5_05,5,5,Bring the freight lift online,"All floors are card-locked, so enter the duty engineering override on the freight lift keypad.",LOC_C5_Lobby,(),(FLG_C5_LobbyReached),FLG_C5_LiftOnline,(),(FLG_C5_LiftOnline),(OBJ_C5_06),False,Facilities moved the code to the lift's own inspection sticker. You're standing next to it.
OBJ_C5_06,5,6,Take component B from Genetics,Open the Genetics vault on floor 31 with the three-dial sequencer and take Antidote Component B from the cold drawer.,LOC_C5_Floor31_Genetics,(),(FLG_C5_LiftOnline),KEY_C5_AntidoteB,(KEY_C5_AntidoteB),(FLG_C5_CompB),(OBJ_C5_07),False,"Three letters, and they print them on every vial in the building."
OBJ_C5_07,5,7,Get back to the lift,Cross the decontamination corridor without fighting the Brute patrolling it.,LOC_C5_Floor31_Genetics,(KEY_C5_AntidoteB),(FLG_C5_CompB),FLG_C5_Decon31Clear,(),(FLG_C5_Decon31Clear),(OBJ_C5_08),False,The glass booths cycle on a timer. Stand in one and let him go by.
OBJ_C5_08,5,8,Take component C from Cryo,"Lift the cryo rack interlock on floor 33 and take Antidote Component C, then get out of the loading bay alive.",LOC_C5_Floor33_Cryo,(),(FLG_C5_Decon31Clear),KEY_C5_AntidoteC,(KEY_C5_AntidoteC),"(FLG_C5_CompC,FLG_C5_WaterPlanKnown)","(OBJ_C5_09,OBJ_C5_10)",False,"The rack reads all three bays as one set, and somebody left them all different."
OBJ_C5_09,5,9,Hear what he left for her,Play the recorded message looping in the cryo office Voss kept Dr. Calder's desk in.,LOC_C5_Floor33_Cryo,(),(FLG_C5_CompC),FLG_C5_CalderMessageHeard,(ITM_Suppressant),(FLG_C5_CalderMessageHeard),(OBJ_C5_10),True,Her coat's still on the hook in there. So is the recorder.
OBJ_C5_10,5,10,Reach the Crown Lab,Ride the freight lift to floor 35 and face Voss.,LOC_C5_Floor35_CrownLab,"(KEY_C3_AntidoteA,KEY_C5_AntidoteB,KEY_C5_AntidoteC)","(FLG_C5_CompB,FLG_C5_CompC)",FLG_C5_CrownLabReached,(),"(FLG_C5_CrownLabReached,FLG_C5_VossRevealed)","(OBJ_C5_11,OBJ_C5_12)",False,"He isn't hiding, Leon. He's been waiting up there all night."
OBJ_C5_11,5,11,Take the roof access card,"Pick the roof access card off Voss's desk, along with the letter underneath it.",LOC_C5_Floor35_CrownLab,(),(FLG_C5_CrownLabReached),KEY_C5_RoofCard,(KEY_C5_RoofCard),(FLG_C5_RoofCardTaken),(OBJ_C5_12),False,He left it out on purpose. He didn't want to break his own door.
OBJ_C5_12,5,12,Synthesise the antidote,"Load components A, B and C into the synthesis machine, enter the cold-shock sequence found in the Annex trial log, and run the cycle.",LOC_C5_Floor35_CrownLab,"(KEY_C3_AntidoteA,KEY_C5_AntidoteB,KEY_C5_AntidoteC)","(FLG_C3_ColdShockKnown,FLG_C5_CrownLabReached)",KEY_C5_Antidote,(KEY_C5_Antidote),(FLG_C5_AntidoteMade),(OBJ_C5_13),False,"All three ports, then the sequence from the Annex. Ninety seconds, and you hold the room."
OBJ_C5_13,5,13,Survive Voss: the lab,"Phase one. Open the glowing core when he lunges, and hit it.",LOC_C5_Floor35_CrownLab,(WPN_Pistol),"(FLG_C5_AntidoteMade,FLG_C5_VossPhase1Start)",FLG_C5_VossPhase1Done,(),(FLG_C5_VossPhase1Done),(OBJ_C5_14),False,"The chest only opens on the lunge. Make him commit, then put rounds in it."
OBJ_C5_14,5,14,Survive Voss: the flood,Phase two. The water tanks burst. Use the standing water and the torn ceiling wiring to stun him.,LOC_C5_Floor35_CrownLab,(),(FLG_C5_VossPhase1Done),FLG_C5_VossPhase2Done,(),(FLG_C5_VossPhase2Done),(OBJ_C5_15),False,He's standing in it and you don't have to be. Drop the live cable while he's in the water.
OBJ_C5_15,5,15,Finish it,Phase three. Voss is pinned under the fallen tank frame. Inject the antidote.,LOC_C5_Floor35_CrownLab,(KEY_C5_Antidote),(FLG_C5_VossPhase2Done),FLG_C5_VossDead,(),(FLG_C5_VossDead),(OBJ_C5_16),False,Close enough to touch him. Hold the prompt and don't let go.
OBJ_C5_16,5,16,Get to the roof plant room,Use the roof access card on the stair door above floor 35 and reach Voss's dosing manifold before 06:12.,LOC_C5_Roof,(KEY_C5_RoofCard),(FLG_C5_VossDead),FLG_C5_RoofOpen,(),(FLG_C5_RoofOpen),(OBJ_C5_17),False,"His card, his door, his timer. Nine minutes."
OBJ_C5_17,5,17,Put the antidote in the water,"Purge the dosing loop, shut the reservoir bypass, open the city main, and start the pump.",LOC_C5_Roof,(KEY_C5_Antidote),"(FLG_C5_RoofOpen,FLG_C5_DosingRigFound)",FLG_C5_AntidoteReleased,(),"(FLG_C5_AntidoteReleased,FLG_C5_Sunrise,FLG_C5_AllClearGiven,FLG_C5_VialMissing,FLG_C5_ChapterComplete)",(),False,"Clear the line first or you send his batch out, not yours. Purge, bypass, main, pump."
